label,1x1,1x2,1x3,1x4,1x5,1x6,1x7,1x8,1x9,1x10,1x11,1x12,1x13,1x14,1x15,1x16,1x17,1x18,1x19,1x20,1x21,1x22,1x23,1x24,1x25,1x26,1x27,1x28,2x1,2x2,2x3,2x4,2x5,2x6,2x7,2x8,2x9,2x10,2x11,2x12,2x13,2x14,2x15,2x16,2x17,2x18,2x19,2x20,2x21,2x22,2x23,2x24,2x25,2x26,2x27,2x28,3x1,3x2,3x3,3x4,3x5,3x6,3x7,3x8,3x9,3x10,3x11,3x12,3x13,3x14,3x15,3x16,3x17,3x18,3x19,3x20,3x21,3x22,3x23,3x24,3x25,3x26,3x27,3x28,4x1,4x2,4x3,4x4,4x5,4x6,4x7,4x8,4x9,4x10,4x11,4x12,4x13,4x14,4x15,4x16,4x17,4x18,4x19,4x20,4x21,4x22,4x23,4x24,4x25,4x26,4x27,4x28,5x1,5x2,5x3,5x4,5x5,5x6,5x7,5x8,5x9,5x10,5x11,5x12,5x13,5x14,5x15,5x16,5x17,5x18,5x19,5x20,5x21,5x22,5x23,5x24,5x25,5x26,5x27,5x28,6x1,6x2,6x3,6x4,6x5,6x6,6x7,6x8,6x9,6x10,6x11,6x12,6x13,6x14,6x15,6x16,6x17,6x18,6x19,6x20,6x21,6x22,6x23,6x24,6x25,6x26,6x27,6x28,7x1,7x2,7x3,7x4,7x5,7x6,7x7,7x8,7x9,7x10,7x11,7x12,7x13,7x14,7x15,7x16,7x17,7x18,7x19,7x20,7x21,7x22,7x23,7x24,7x25,7x26,7x27,7x28,8x1,8x2,8x3,8x4,8x5,8x6,8x7,8x8,8x9,8x10,8x11,8x12,8x13,8x14,8x15,8x16,8x17,8x18,8x19,8x20,8x21,8x22,8x23,8x24,8x25,8x26,8x27,8x28,9x1,9x2,9x3,9x4,9x5,9x6,9x7,9x8,9x9,9x10,9x11,9x12,9x13,9x14,9x15,9x16,9x17,9x18,9x19,9x20,9x21,9x22,9x23,9x24,9x25,9x26,9x27,9x28,10x1,10x2,10x3,10x4,10x5,10x6,10x7,10x8,10x9,10x10,10x11,10x12,10x13,10x14,10x15,10x16,10x17,10x18,10x19,10x20,10x21,10x22,10x23,10x24,10x25,10x26,10x27,10x28,11x1,11x2,11x3,11x4,11x5,11x6,11x7,11x8,11x9,11x10,11x11,11x12,11x13,11x14,11x15,11x16,11x17,11x18,11x19,11x20,11x21,11x22,11x23,11x24,11x25,11x26,11x27,11x28,12x1,12x2,12x3,12x4,12x5,12x6,12x7,12x8,12x9,12x10,12x11,12x12,12x13,12x14,12x15,12x16,12x17,12x18,12x19,12x20,12x21,12x22,12x23,12x24,12x25,12x26,12x27,12x28,13x1,13x2,13x3,13x4,13x5,13x6,13x7,13x8,13x9,13x10,13x11,13x12,13x13,13x14,13x15,13x16,13x17,13x18,13x19,13x20,13x21,13x22,13x23,13x24,13x25,13x26,13x27,13x28,14x1,14x2,14x3,14x4,14x5,14x6,14x7,14x8,14x9,14x10,14x11,14x12,14x13,14x14,14x15,14x16,14x17,14x18,14x19,14x20,14x21,14x22,14x23,14x24,14x25,14x26,14x27,14x28,15x1,15x2,15x3,15x4,15x5,15x6,15x7,15x8,15x9,15x10,15x11,15x12,15x13,15x14,15x15,15x16,15x17,15x18,15x19,15x20,15x21,15x22,15x23,15x24,15x25,15x26,15x27,15x28,16x1,16x2,16x3,16x4,16x5,16x6,16x7,16x8,16x9,16x10,16x11,16x12,16x13,16x14,16x15,16x16,16x17,16x18,16x19,16x20,16x21,16x22,16x23,16x24,16x25,16x26,16x27,16x28,17x1,17x2,17x3,17x4,17x5,17x6,17x7,17x8,17x9,17x10,17x11,17x12,17x13,17x14,17x15,17x16,17x17,17x18,17x19,17x20,17x21,17x22,17x23,17x24,17x25,17x26,17x27,17x28,18x1,18x2,18x3,18x4,18x5,18x6,18x7,18x8,18x9,18x10,18x11,18x12,18x13,18x14,18x15,18x16,18x17,18x18,18x19,18x20,18x21,18x22,18x23,18x24,18x25,18x26,18x27,18x28,19x1,19x2,19x3,19x4,19x5,19x6,19x7,19x8,19x9,19x10,19x11,19x12,19x13,19x14,19x15,19x16,19x17,19x18,19x19,19x20,19x21,19x22,19x23,19x24,19x25,19x26,19x27,19x28,20x1,20x2,20x3,20x4,20x5,20x6,20x7,20x8,20x9,20x10,20x11,20x12,20x13,20x14,20x15,20x16,20x17,20x18,20x19,20x20,20x21,20x22,20x23,20x24,20x25,20x26,20x27,20x28,21x1,21x2,21x3,21x4,21x5,21x6,21x7,21x8,21x9,21x10,21x11,21x12,21x13,21x14,21x15,21x16,21x17,21x18,21x19,21x20,21x21,21x22,21x23,21x24,21x25,21x26,21x27,21x28,22x1,22x2,22x3,22x4,22x5,22x6,22x7,22x8,22x9,22x10,22x11,22x12,22x13,22x14,22x15,22x16,22x17,22x18,22x19,22x20,22x21,22x22,22x23,22x24,22x25,22x26,22x27,22x28,23x1,23x2,23x3,23x4,23x5,23x6,23x7,23x8,23x9,23x10,23x11,23x12,23x13,23x14,23x15,23x16,23x17,23x18,23x19,23x20,23x21,23x22,23x23,23x24,23x25,23x26,23x27,23x28,24x1,24x2,24x3,24x4,24x5,24x6,24x7,24x8,24x9,24x10,24x11,24x12,24x13,24x14,24x15,24x16,24x17,24x18,24x19,24x20,24x21,24x22,24x23,24x24,24x25,24x26,24x27,24x28,25x1,25x2,25x3,25x4,25x5,25x6,25x7,25x8,25x9,25x10,25x11,25x12,25x13,25x14,25x15,25x16,25x17,25x18,25x19,25x20,25x21,25x22,25x23,25x24,25x25,25x26,25x27,25x28,26x1,26x2,26x3,26x4,26x5,26x6,26x7,26x8,26x9,26x10,26x11,26x12,26x13,26x14,26x15,26x16,26x17,26x18,26x19,26x20,26x21,26x22,26x23,26x24,26x25,26x26,26x27,26x28,27x1,27x2,27x3,27x4,27x5,27x6,27x7,27x8,27x9,27x10,27x11,27x12,27x13,27x14,27x15,27x16,27x17,27x18,27x19,27x20,27x21,27x22,27x23,27x24,27x25,27x26,27x27,27x28,28x1,28x2,28x3,28x4,28x5,28x6,28x7,28x8,28x9,28x10,28x11,28x12,28x13,28x14,28x15,28x16,28x17,28x18,28x19,28x20,28x21,28x22,28x23,28x24,28x25,28x26,28x27,28x28
0,0,0,0,0,0,0,0,0,0,0,0,0,0,0,0,0,0,0,0,0,0,0,0,0,0,0,0,0,0,0,0,0,0,0,0,0,0,0,0,0,0,0,0,0,0,0,0,0,0,0,0,0,0,0,0,0,0,0,0,0,0,0,0,0,0,0,0,0,0,0,0,0,0,0,0,0,0,0,0,0,0,0,0,0,0,0,0,0,0,0,0,0,0,0,0,0,0,0,0,0,0,0,0,0,0,0,0,0,0,0,0,0,0,0,0,0,0,0,0,0,0,0,0,0,11,150,253,202,31,0,0,0,0,0,0,0,0,0,0,0,0,0,0,0,0,0,0,0,0,0,0,0,37,251,251,253,107,0,0,0,0,0,0,0,0,0,0,0,0,0,0,0,0,0,0,0,0,0,0,21,197,251,251,253,107,0,0,0,0,0,0,0,0,0,0,0,0,0,0,0,0,0,0,0,0,0,110,190,251,251,251,253,169,109,62,0,0,0,0,0,0,0,0,0,0,0,0,0,0,0,0,0,0,0,253,251,251,251,251,253,251,251,220,51,0,0,0,0,0,0,0,0,0,0,0,0,0,0,0,0,0,182,255,253,253,253,253,234,222,253,253,253,0,0,0,0,0,0,0,0,0,0,0,0,0,0,0,0,63,221,253,251,251,251,147,77,62,128,251,251,105,0,0,0,0,0,0,0,0,0,0,0,0,0,0,32,231,251,253,251,220,137,10,0,0,31,230,251,243,113,5,0,0,0,0,0,0,0,0,0,0,0,0,37,251,251,253,188,20,0,0,0,0,0,109,251,253,251,35,0,0,0,0,0,0,0,0,0,0,0,0,37,251,251,201,30,0,0,0,0,0,0,31,200,253,251,35,0,0,0,0,0,0,0,0,0,0,0,0,37,253,253,0,0,0,0,0,0,0,0,32,202,255,253,164,0,0,0,0,0,0,0,0,0,0,0,0,140,251,251,0,0,0,0,0,0,0,0,109,251,253,251,35,0,0,0,0,0,0,0,0,0,0,0,0,217,251,251,0,0,0,0,0,0,21,63,231,251,253,230,30,0,0,0,0,0,0,0,0,0,0,0,0,217,251,251,0,0,0,0,0,0,144,251,251,251,221,61,0,0,0,0,0,0,0,0,0,0,0,0,0,217,251,251,0,0,0,0,0,182,221,251,251,251,180,0,0,0,0,0,0,0,0,0,0,0,0,0,0,218,253,253,73,73,228,253,253,255,253,253,253,253,0,0,0,0,0,0,0,0,0,0,0,0,0,0,0,113,251,251,253,251,251,251,251,253,251,251,251,147,0,0,0,0,0,0,0,0,0,0,0,0,0,0,0,31,230,251,253,251,251,251,251,253,230,189,35,10,0,0,0,0,0,0,0,0,0,0,0,0,0,0,0,0,62,142,253,251,251,251,251,253,107,0,0,0,0,0,0,0,0,0,0,0,0,0,0,0,0,0,0,0,0,0,72,174,251,173,71,72,30,0,0,0,0,0,0,0,0,0,0,0,0,0,0,0,0,0,0,0,0,0,0,0,0,0,0,0,0,0,0,0,0,0,0,0,0,0,0,0,0,0,0,0,0,0,0,0,0,0,0,0,0,0,0,0,0,0,0,0,0,0,0,0,0,0,0,0,0,0,0,0,0,0,0,0,0,0,0,0,0,0,0,0,0,0,0,0,0,0,0,0,0,0,0,0,0,0,0,0,0,0,0,0,0,0,0,0,0,0,0,0,0,0,0,0,0,0,0,0,0,0,0,0
1,0,0,0,0,0,0,0,0,0,0,0,0,0,0,0,0,0,0,0,0,0,0,0,0,0,0,0,0,0,0,0,0,0,0,0,0,0,0,0,0,0,0,0,0,0,0,0,0,0,0,0,0,0,0,0,0,0,0,0,0,0,0,0,0,0,0,0,0,0,0,0,0,0,0,0,0,0,0,0,0,0,0,0,0,0,0,0,0,0,0,0,0,0,0,0,0,0,0,0,0,0,0,0,0,0,0,0,0,0,0,0,0,0,0,0,0,0,0,0,0,0,0,0,0,0,0,0,0,38,254,109,0,0,0,0,0,0,0,0,0,0,0,0,0,0,0,0,0,0,0,0,0,0,0,0,0,87,252,82,0,0,0,0,0,0,0,0,0,0,0,0,0,0,0,0,0,0,0,0,0,0,0,0,0,135,241,0,0,0,0,0,0,0,0,0,0,0,0,0,0,0,0,0,0,0,0,0,0,0,0,0,45,244,150,0,0,0,0,0,0,0,0,0,0,0,0,0,0,0,0,0,0,0,0,0,0,0,0,0,84,254,63,0,0,0,0,0,0,0,0,0,0,0,0,0,0,0,0,0,0,0,0,0,0,0,0,0,202,223,11,0,0,0,0,0,0,0,0,0,0,0,0,0,0,0,0,0,0,0,0,0,0,0,0,32,254,216,0,0,0,0,0,0,0,0,0,0,0,0,0,0,0,0,0,0,0,0,0,0,0,0,0,95,254,195,0,0,0,0,0,0,0,0,0,0,0,0,0,0,0,0,0,0,0,0,0,0,0,0,0,140,254,77,0,0,0,0,0,0,0,0,0,0,0,0,0,0,0,0,0,0,0,0,0,0,0,0,57,237,205,8,0,0,0,0,0,0,0,0,0,0,0,0,0,0,0,0,0,0,0,0,0,0,0,0,124,255,165,0,0,0,0,0,0,0,0,0,0,0,0,0,0,0,0,0,0,0,0,0,0,0,0,0,171,254,81,0,0,0,0,0,0,0,0,0,0,0,0,0,0,0,0,0,0,0,0,0,0,0,0,24,232,215,0,0,0,0,0,0,0,0,0,0,0,0,0,0,0,0,0,0,0,0,0,0,0,0,0,120,254,159,0,0,0,0,0,0,0,0,0,0,0,0,0,0,0,0,0,0,0,0,0,0,0,0,0,151,254,142,0,0,0,0,0,0,0,0,0,0,0,0,0,0,0,0,0,0,0,0,0,0,0,0,0,228,254,66,0,0,0,0,0,0,0,0,0,0,0,0,0,0,0,0,0,0,0,0,0,0,0,0,61,251,254,66,0,0,0,0,0,0,0,0,0,0,0,0,0,0,0,0,0,0,0,0,0,0,0,0,141,254,205,3,0,0,0,0,0,0,0,0,0,0,0,0,0,0,0,0,0,0,0,0,0,0,0,10,215,254,121,0,0,0,0,0,0,0,0,0,0,0,0,0,0,0,0,0,0,0,0,0,0,0,0,5,198,176,10,0,0,0,0,0,0,0,0,0,0,0,0,0,0,0,0,0,0,0,0,0,0,0,0,0,0,0,0,0,0,0,0,0,0,0,0,0,0,0,0,0,0,0,0,0,0,0,0,0,0,0,0,0,0,0,0,0,0,0,0,0,0,0,0,0,0,0,0,0,0,0,0,0,0,0,0,0,0,0,0,0,0,0,0,0,0,0,0,0,0,0,0,0,0,0,0,0,0,0,0,0,0,0,0,0,0,0,0,0,0,0,0,0,0,0,0,0,0,0,0,0,0,0,0,0,0
2,0,0,0,0,0,0,0,0,0,0,0,0,0,0,0,0,0,0,0,0,0,0,0,0,0,0,0,0,0,0,0,0,0,0,0,0,0,0,0,0,0,0,0,0,0,0,0,0,0,0,0,0,0,0,0,0,0,0,0,0,0,0,0,0,0,0,0,0,0,0,0,0,0,0,0,0,0,0,0,0,0,0,0,0,0,0,0,0,0,0,0,0,0,0,116,125,171,255,255,150,93,0,0,0,0,0,0,0,0,0,0,0,0,0,0,0,0,0,0,0,0,169,253,253,253,253,253,253,218,30,0,0,0,0,0,0,0,0,0,0,0,0,0,0,0,0,0,0,169,253,253,253,213,142,176,253,253,122,0,0,0,0,0,0,0,0,0,0,0,0,0,0,0,0,0,52,250,253,210,32,12,0,6,206,253,140,0,0,0,0,0,0,0,0,0,0,0,0,0,0,0,0,0,77,251,210,25,0,0,0,122,248,253,65,0,0,0,0,0,0,0,0,0,0,0,0,0,0,0,0,0,0,31,18,0,0,0,0,209,253,253,65,0,0,0,0,0,0,0,0,0,0,0,0,0,0,0,0,0,0,0,0,0,0,0,117,247,253,198,10,0,0,0,0,0,0,0,0,0,0,0,0,0,0,0,0,0,0,0,0,0,0,76,247,253,231,63,0,0,0,0,0,0,0,0,0,0,0,0,0,0,0,0,0,0,0,0,0,0,0,128,253,253,144,0,0,0,0,0,0,0,0,0,0,0,0,0,0,0,0,0,0,0,0,0,0,0,176,246,253,159,12,0,0,0,0,0,0,0,0,0,0,0,0,0,0,0,0,0,0,0,0,0,0,25,234,253,233,35,0,0,0,0,0,0,0,0,0,0,0,0,0,0,0,0,0,0,0,0,0,0,0,198,253,253,141,0,0,0,0,0,0,0,0,0,0,0,0,0,0,0,0,0,0,0,0,0,0,0,78,248,253,189,12,0,0,0,0,0,0,0,0,0,0,0,0,0,0,0,0,0,0,0,0,0,0,19,200,253,253,141,0,0,0,0,0,0,0,0,0,0,0,0,0,0,0,0,0,0,0,0,0,0,0,134,253,253,173,12,0,0,0,0,0,0,0,0,0,0,0,0,0,0,0,0,0,0,0,0,0,0,0,248,253,253,25,0,0,0,0,0,0,0,0,0,0,0,0,0,0,0,0,0,0,0,0,0,0,0,0,248,253,253,43,20,20,20,20,5,0,5,20,20,37,150,150,150,147,10,0,0,0,0,0,0,0,0,0,248,253,253,253,253,253,253,253,168,143,166,253,253,253,253,253,253,253,123,0,0,0,0,0,0,0,0,0,174,253,253,253,253,253,253,253,253,253,253,253,249,247,247,169,117,117,57,0,0,0,0,0,0,0,0,0,0,118,123,123,123,166,253,253,253,155,123,123,41,0,0,0,0,0,0,0,0,0,0,0,0,0,0,0,0,0,0,0,0,0,0,0,0,0,0,0,0,0,0,0,0,0,0,0,0,0,0,0,0,0,0,0,0,0,0,0,0,0,0,0,0,0,0,0,0,0,0,0,0,0,0,0,0,0,0,0,0,0,0,0,0,0,0,0,0,0,0,0,0,0,0,0,0,0,0,0,0,0,0,0,0,0,0,0,0,0,0,0,0,0,0,0,0,0,0,0,0,0,0,0,0,0,0,0,0,0,0,0,0,0,0,0,0,0,0,0,0,0,0,0,0,0,0,0,0,0,0,0,0,0,0,0,0,0,0,0
3,0,0,0,0,0,0,0,0,0,0,0,0,0,0,0,0,0,0,0,0,0,0,0,0,0,0,0,0,0,0,0,0,0,0,0,0,0,0,0,0,0,0,0,0,0,0,0,0,0,0,0,0,0,0,0,0,0,0,0,0,0,0,0,0,0,0,0,0,0,0,0,0,0,0,0,0,0,0,0,0,0,0,0,0,0,0,0,0,0,0,0,0,0,0,0,0,0,0,0,0,0,0,0,0,0,0,0,0,0,0,0,0,0,0,0,0,0,0,12,41,146,146,48,0,0,0,0,0,0,0,0,0,0,0,0,0,0,0,0,0,0,0,0,0,0,12,129,253,253,253,250,163,18,0,0,0,0,0,0,0,0,0,0,0,0,0,0,0,0,0,0,0,0,133,253,253,253,253,253,253,229,70,0,0,0,0,0,0,0,0,0,0,0,0,0,0,0,0,0,0,0,101,253,252,145,102,107,237,253,247,128,10,0,0,0,0,0,0,0,0,0,0,0,0,0,0,0,0,0,181,253,167,0,0,0,61,235,253,253,163,5,0,0,0,0,0,0,0,0,0,0,0,0,0,0,0,0,255,253,43,0,0,0,0,58,193,253,253,164,4,0,0,0,0,0,0,0,0,0,0,0,0,0,0,0,187,253,32,0,0,0,0,0,55,236,253,253,86,0,0,0,0,0,0,0,0,0,0,0,0,0,0,0,146,253,32,0,100,190,87,87,87,147,253,253,123,0,0,0,0,0,0,0,0,0,0,0,0,0,0,0,94,253,78,40,248,253,253,253,253,253,253,253,223,84,15,0,0,0,0,0,0,0,0,0,0,0,0,0,14,92,12,35,240,253,253,253,253,253,253,253,253,253,244,89,10,0,0,0,0,0,0,0,0,0,0,0,0,0,0,0,75,161,179,253,253,253,253,253,253,253,253,253,209,43,0,0,0,0,0,0,0,0,0,0,0,0,0,0,0,0,3,16,16,39,38,16,16,145,243,253,253,185,48,0,0,0,0,0,0,0,0,0,0,0,0,0,20,58,0,0,0,0,0,0,0,0,58,209,253,253,183,0,0,0,0,0,0,0,0,0,0,0,0,77,221,247,79,0,0,0,0,0,0,0,0,13,219,253,240,72,0,0,0,0,0,0,0,0,0,0,0,90,247,253,252,57,0,0,0,0,0,0,0,0,53,251,253,191,0,0,0,0,0,0,0,0,0,0,0,0,116,253,253,59,0,0,0,0,0,0,0,0,99,252,253,145,0,0,0,0,0,0,0,0,0,0,0,0,14,188,253,221,158,38,0,0,0,0,111,211,246,253,253,145,0,0,0,0,0,0,0,0,0,0,0,0,0,12,221,246,253,251,249,249,249,249,253,253,253,253,200,19,0,0,0,0,0,0,0,0,0,0,0,0,0,0,0,95,183,228,253,253,253,253,253,253,195,124,23,0,0,0,0,0,0,0,0,0,0,0,0,0,0,0,0,0,0,24,37,138,74,126,88,37,7,0,0,0,0,0,0,0,0,0,0,0,0,0,0,0,0,0,0,0,0,0,0,0,0,0,0,0,0,0,0,0,0,0,0,0,0,0,0,0,0,0,0,0,0,0,0,0,0,0,0,0,0,0,0,0,0,0,0,0,0,0,0,0,0,0,0,0,0,0,0,0,0,0,0,0,0,0,0,0,0,0,0,0,0,0,0,0,0,0,0,0,0,0,0,0,0,0,0,0,0,0,0,0,0,0,0,0,0,0,0,0,0,0,0,0,0,0,0
4,0,0,0,0,0,0,0,0,0,0,0,0,0,0,0,0,0,0,0,0,0,0,0,0,0,0,0,0,0,0,0,0,0,0,0,0,0,0,0,0,0,0,0,0,0,0,0,0,0,0,0,0,0,0,0,0,0,0,0,0,0,0,0,0,0,0,0,0,0,0,0,0,0,0,0,0,0,0,0,0,0,0,0,0,0,0,0,0,0,0,0,0,0,0,0,0,0,0,0,0,0,0,0,0,0,0,0,0,0,0,0,0,0,0,0,0,0,0,0,0,0,0,0,0,0,0,0,0,0,0,0,0,0,0,0,0,0,0,0,0,0,0,0,0,0,0,0,0,0,0,50,224,0,0,0,0,0,0,0,70,29,0,0,0,0,0,0,0,0,0,0,0,0,0,0,0,0,0,121,231,0,0,0,0,0,0,0,148,168,0,0,0,0,0,0,0,0,0,0,0,0,0,0,0,0,4,195,231,0,0,0,0,0,0,0,96,210,11,0,0,0,0,0,0,0,0,0,0,0,0,0,0,0,69,252,134,0,0,0,0,0,0,0,114,252,21,0,0,0,0,0,0,0,0,0,0,0,0,0,0,45,236,217,12,0,0,0,0,0,0,0,192,252,21,0,0,0,0,0,0,0,0,0,0,0,0,0,0,168,247,53,0,0,0,0,0,0,0,18,255,253,21,0,0,0,0,0,0,0,0,0,0,0,0,0,84,242,211,0,0,0,0,0,0,0,0,141,253,189,5,0,0,0,0,0,0,0,0,0,0,0,0,0,169,252,106,0,0,0,0,0,0,0,32,232,250,66,0,0,0,0,0,0,0,0,0,0,0,0,0,15,225,252,0,0,0,0,0,0,0,0,134,252,211,0,0,0,0,0,0,0,0,0,0,0,0,0,0,22,252,164,0,0,0,0,0,0,0,0,169,252,167,0,0,0,0,0,0,0,0,0,0,0,0,0,0,9,204,209,18,0,0,0,0,0,0,22,253,253,107,0,0,0,0,0,0,0,0,0,0,0,0,0,0,0,169,252,199,85,85,85,85,129,164,195,252,252,106,0,0,0,0,0,0,0,0,0,0,0,0,0,0,0,41,170,245,252,252,252,252,232,231,251,252,252,9,0,0,0,0,0,0,0,0,0,0,0,0,0,0,0,0,0,49,84,84,84,84,0,0,161,252,252,0,0,0,0,0,0,0,0,0,0,0,0,0,0,0,0,0,0,0,0,0,0,0,0,0,127,252,252,45,0,0,0,0,0,0,0,0,0,0,0,0,0,0,0,0,0,0,0,0,0,0,0,0,128,253,253,0,0,0,0,0,0,0,0,0,0,0,0,0,0,0,0,0,0,0,0,0,0,0,0,0,127,252,252,0,0,0,0,0,0,0,0,0,0,0,0,0,0,0,0,0,0,0,0,0,0,0,0,0,135,252,244,0,0,0,0,0,0,0,0,0,0,0,0,0,0,0,0,0,0,0,0,0,0,0,0,0,232,236,111,0,0,0,0,0,0,0,0,0,0,0,0,0,0,0,0,0,0,0,0,0,0,0,0,0,179,66,0,0,0,0,0,0,0,0,0,0,0,0,0,0,0,0,0,0,0,0,0,0,0,0,0,0,0,0,0,0,0,0,0,0,0,0,0,0,0,0,0,0,0,0,0,0,0,0,0,0,0,0,0,0,0,0,0,0,0,0,0,0,0,0,0,0,0,0,0,0,0,0,0,0,0,0,0,0,0,0,0,0,0,0,0,0,0,0,0,0,0,0,0,0
5,0,0,0,0,0,0,0,0,0,0,0,0,0,0,0,0,0,0,0,0,0,0,0,0,0,0,0,0,0,0,0,0,0,0,0,0,0,0,0,0,0,0,0,0,0,0,0,0,0,0,0,0,0,0,0,0,0,0,0,0,0,0,0,0,0,0,0,0,0,0,0,0,0,0,0,0,0,0,0,0,0,0,0,0,0,0,0,0,0,0,0,0,0,0,0,0,0,0,0,0,0,0,0,0,0,0,0,0,0,0,0,0,0,0,0,0,0,0,0,0,0,0,0,0,51,132,214,253,254,253,203,162,41,0,0,0,0,0,0,0,0,0,0,0,0,0,0,0,102,142,203,203,253,252,253,252,151,70,0,0,0,0,0,0,0,0,0,0,0,0,0,0,0,0,0,0,254,253,244,203,142,102,82,0,0,0,0,0,0,0,0,0,0,0,0,0,0,0,0,0,0,0,0,0,172,252,203,0,0,0,0,0,0,0,0,0,0,0,0,0,0,0,0,0,0,0,0,0,0,0,0,0,21,223,234,30,0,0,0,0,0,0,0,0,0,0,0,0,0,0,0,0,0,0,0,0,0,0,0,0,0,122,253,50,0,0,0,0,0,0,0,0,0,0,0,0,0,0,0,0,0,0,0,0,0,0,0,0,0,123,254,91,51,51,51,10,0,0,0,0,0,0,0,0,0,0,0,0,0,0,0,0,0,0,0,0,21,223,253,252,253,252,253,172,82,0,0,0,0,0,0,0,0,0,0,0,0,0,0,0,0,0,0,21,214,253,203,162,102,102,203,223,254,253,51,10,0,0,0,0,0,0,0,0,0,0,0,0,0,0,0,61,253,171,0,0,0,0,0,20,112,192,253,212,41,0,0,0,0,0,0,0,0,0,0,0,0,0,0,0,0,0,0,0,0,0,0,0,0,0,102,203,234,51,0,0,0,0,0,0,0,0,0,0,0,0,0,0,0,0,0,0,0,0,0,0,0,0,0,20,213,232,82,0,0,0,0,0,0,0,0,0,0,0,0,0,0,0,0,0,0,0,0,0,0,0,0,0,62,203,234,112,0,0,0,0,0,0,0,0,0,0,0,0,0,0,0,0,0,0,0,0,0,0,0,0,0,20,213,252,0,0,0,0,0,0,0,0,0,0,0,0,0,0,0,0,0,0,0,0,0,0,0,0,0,0,153,253,0,0,0,0,0,0,0,0,0,0,0,0,0,0,0,0,0,0,0,0,0,0,0,0,0,41,233,212,0,0,0,0,0,0,0,0,0,0,0,0,113,92,0,0,0,0,0,0,0,0,0,0,31,173,244,40,0,0,0,0,0,0,0,0,0,0,0,82,253,151,0,0,0,0,0,0,21,102,102,183,233,212,81,0,0,0,0,0,0,0,0,0,0,0,0,82,255,253,234,152,153,193,173,253,254,253,254,213,142,20,0,0,0,0,0,0,0,0,0,0,0,0,0,0,71,151,151,232,253,212,192,151,131,50,50,10,0,0,0,0,0,0,0,0,0,0,0,0,0,0,0,0,0,0,0,0,0,0,0,0,0,0,0,0,0,0,0,0,0,0,0,0,0,0,0,0,0,0,0,0,0,0,0,0,0,0,0,0,0,0,0,0,0,0,0,0,0,0,0,0,0,0,0,0,0,0,0,0,0,0,0,0,0,0,0,0,0,0,0,0,0,0,0,0,0,0,0,0,0,0,0,0,0,0,0,0,0,0,0,0,0,0,0,0,0,0,0,0,0,0,0,0,0,0,0,0
6,0,0,0,0,0,0,0,0,0,0,0,0,0,0,0,0,0,0,0,0,0,0,0,0,0,0,0,0,0,0,0,0,0,0,0,0,0,0,0,0,0,0,0,0,0,0,0,0,0,0,0,0,0,0,0,0,0,0,0,0,0,0,0,0,0,0,0,0,0,0,0,0,0,0,0,0,0,0,0,0,0,0,0,0,0,0,0,0,0,0,0,0,0,0,7,204,253,176,0,0,0,0,0,0,0,0,0,0,0,0,0,0,0,0,0,0,0,0,0,0,0,7,150,252,252,125,0,0,0,0,0,0,0,0,0,0,0,0,0,0,0,0,0,0,0,0,0,0,0,117,252,186,56,0,0,0,0,0,0,0,0,0,0,0,0,0,0,0,0,0,0,0,0,0,0,0,0,141,252,118,0,0,0,0,0,0,0,0,0,0,0,0,0,0,0,0,0,0,0,0,0,0,0,0,0,154,247,50,0,0,0,0,0,0,0,0,0,0,0,0,0,0,0,0,0,0,0,0,0,0,0,0,26,253,196,0,0,0,0,0,0,0,0,0,0,0,0,0,0,0,0,0,0,0,0,0,0,0,0,0,150,253,196,0,0,0,0,0,0,0,57,85,85,38,0,0,0,0,0,0,0,0,0,0,0,0,0,0,225,253,96,0,0,0,0,0,151,226,243,252,252,238,125,0,0,0,0,0,0,0,0,0,0,0,0,10,229,226,0,0,0,4,54,229,253,255,234,175,225,255,228,31,0,0,0,0,0,0,0,0,0,0,0,110,252,150,0,0,26,128,252,252,227,134,28,0,0,178,252,56,0,0,0,0,0,0,0,0,0,0,0,159,252,113,0,0,150,253,252,186,43,0,0,0,0,141,252,56,0,0,0,0,0,0,0,0,0,0,0,185,252,113,0,38,237,253,151,6,0,0,0,0,0,141,202,6,0,0,0,0,0,0,0,0,0,0,0,198,253,114,0,147,253,163,0,0,0,0,0,0,0,154,197,0,0,0,0,0,0,0,0,0,0,0,0,197,252,113,0,172,252,188,0,0,0,0,0,0,26,253,171,0,0,0,0,0,0,0,0,0,0,0,0,197,252,113,0,19,231,247,122,19,0,0,0,0,200,244,56,0,0,0,0,0,0,0,0,0,0,0,26,222,252,113,0,0,25,203,252,193,13,0,76,200,249,125,0,0,0,0,0,0,0,0,0,0,0,0,0,185,253,179,10,0,0,0,76,35,29,154,253,244,125,0,0,0,0,0,0,0,0,0,0,0,0,0,0,28,209,253,196,82,57,57,131,197,252,253,214,81,0,0,0,0,0,0,0,0,0,0,0,0,0,0,0,0,25,216,252,252,252,253,252,252,252,156,19,0,0,0,0,0,0,0,0,0,0,0,0,0,0,0,0,0,0,16,103,139,240,140,139,139,40,0,0,0,0,0,0,0,0,0,0,0,0,0,0,0,0,0,0,0,0,0,0,0,0,0,0,0,0,0,0,0,0,0,0,0,0,0,0,0,0,0,0,0,0,0,0,0,0,0,0,0,0,0,0,0,0,0,0,0,0,0,0,0,0,0,0,0,0,0,0,0,0,0,0,0,0,0,0,0,0,0,0,0,0,0,0,0,0,0,0,0,0,0,0,0,0,0,0,0,0,0,0,0,0,0,0,0,0,0,0,0,0,0,0,0,0,0,0,0,0,0,0,0,0,0,0,0,0,0,0,0,0,0,0,0,0,0,0,0,0,0,0,0,0,0,0,0,0,0,0,0
7,0,0,0,0,0,0,0,0,0,0,0,0,0,0,0,0,0,0,0,0,0,0,0,0,0,0,0,0,0,0,0,0,0,0,0,0,0,0,0,0,0,0,0,0,0,0,0,0,0,0,0,0,0,0,0,0,0,0,0,0,0,0,0,0,0,0,0,0,0,0,0,0,0,0,0,0,0,0,0,0,0,0,0,0,0,0,0,0,0,0,0,0,0,0,0,0,0,0,0,0,0,0,0,0,0,0,0,0,0,0,0,0,0,0,0,0,0,0,0,0,0,0,0,0,0,0,0,0,0,0,0,0,0,0,0,0,0,0,0,0,0,0,0,0,0,0,0,0,0,0,0,0,0,0,0,0,0,0,0,0,0,0,0,0,0,0,0,0,0,0,0,0,0,0,0,0,0,0,0,0,0,0,0,0,0,0,0,0,0,0,0,0,0,0,0,0,0,0,0,0,0,0,84,185,159,151,60,36,0,0,0,0,0,0,0,0,0,0,0,0,0,0,0,0,0,0,0,0,0,0,222,254,254,254,254,241,198,198,198,198,198,198,198,198,170,52,0,0,0,0,0,0,0,0,0,0,0,0,67,114,72,114,163,227,254,225,254,254,254,250,229,254,254,140,0,0,0,0,0,0,0,0,0,0,0,0,0,0,0,0,0,17,66,14,67,67,67,59,21,236,254,106,0,0,0,0,0,0,0,0,0,0,0,0,0,0,0,0,0,0,0,0,0,0,0,0,83,253,209,18,0,0,0,0,0,0,0,0,0,0,0,0,0,0,0,0,0,0,0,0,0,0,0,22,233,255,83,0,0,0,0,0,0,0,0,0,0,0,0,0,0,0,0,0,0,0,0,0,0,0,0,129,254,238,44,0,0,0,0,0,0,0,0,0,0,0,0,0,0,0,0,0,0,0,0,0,0,0,59,249,254,62,0,0,0,0,0,0,0,0,0,0,0,0,0,0,0,0,0,0,0,0,0,0,0,0,133,254,187,5,0,0,0,0,0,0,0,0,0,0,0,0,0,0,0,0,0,0,0,0,0,0,0,9,205,248,58,0,0,0,0,0,0,0,0,0,0,0,0,0,0,0,0,0,0,0,0,0,0,0,0,126,254,182,0,0,0,0,0,0,0,0,0,0,0,0,0,0,0,0,0,0,0,0,0,0,0,0,75,251,240,57,0,0,0,0,0,0,0,0,0,0,0,0,0,0,0,0,0,0,0,0,0,0,0,19,221,254,166,0,0,0,0,0,0,0,0,0,0,0,0,0,0,0,0,0,0,0,0,0,0,0,3,203,254,219,35,0,0,0,0,0,0,0,0,0,0,0,0,0,0,0,0,0,0,0,0,0,0,0,38,254,254,77,0,0,0,0,0,0,0,0,0,0,0,0,0,0,0,0,0,0,0,0,0,0,0,31,224,254,115,1,0,0,0,0,0,0,0,0,0,0,0,0,0,0,0,0,0,0,0,0,0,0,0,133,254,254,52,0,0,0,0,0,0,0,0,0,0,0,0,0,0,0,0,0,0,0,0,0,0,0,61,242,254,254,52,0,0,0,0,0,0,0,0,0,0,0,0,0,0,0,0,0,0,0,0,0,0,0,121,254,254,219,40,0,0,0,0,0,0,0,0,0,0,0,0,0,0,0,0,0,0,0,0,0,0,0,121,254,207,18,0,0,0,0,0,0,0,0,0,0,0,0,0,0,0,0,0,0,0,0,0,0,0,0,0,0,0,0,0,0,0,0,0,0,0,0,0,0,0,0,0,0
8,0,0,0,0,0,0,0,0,0,0,0,0,0,0,0,0,0,0,0,0,0,0,0,0,0,0,0,0,0,0,0,0,0,0,0,0,0,0,0,0,0,0,0,0,0,0,0,0,0,0,0,0,0,0,0,0,0,0,0,0,0,0,0,0,0,0,0,0,0,0,0,0,0,0,0,0,0,0,0,0,0,0,0,0,0,0,0,0,0,0,0,0,0,0,0,0,0,0,0,0,0,0,0,0,0,0,0,0,0,0,0,0,0,0,0,0,0,0,0,0,0,0,0,0,0,0,0,0,0,0,0,0,0,0,0,0,0,0,0,0,0,0,0,0,0,0,0,0,0,0,0,0,0,43,47,47,0,0,0,0,0,0,0,0,0,0,0,0,0,0,0,0,0,0,0,0,0,0,0,9,108,249,253,253,208,207,207,207,149,65,13,0,0,0,0,0,0,0,0,0,0,0,0,0,0,0,9,184,254,253,253,253,254,253,253,253,254,253,213,25,0,0,0,0,0,0,0,0,0,0,0,0,0,55,203,254,254,199,127,127,60,93,84,68,151,222,254,161,0,0,0,0,0,0,0,0,0,0,0,0,0,138,253,253,199,19,0,0,0,0,0,0,0,155,253,211,0,0,0,0,0,0,0,0,0,0,0,0,0,138,253,253,17,0,0,0,0,0,0,0,74,241,253,211,0,0,0,0,0,0,0,0,0,0,0,0,0,105,253,253,102,0,0,0,0,0,0,34,229,253,253,160,0,0,0,0,0,0,0,0,0,0,0,0,0,0,149,254,229,40,0,0,0,38,153,254,254,254,180,25,0,0,0,0,0,0,0,0,0,0,0,0,0,0,19,198,254,207,9,34,72,235,253,253,224,139,13,0,0,0,0,0,0,0,0,0,0,0,0,0,0,0,0,17,211,253,215,240,254,253,234,128,17,0,0,0,0,0,0,0,0,0,0,0,0,0,0,0,0,0,0,102,229,253,253,253,228,77,13,0,0,0,0,0,0,0,0,0,0,0,0,0,0,0,0,0,70,170,254,254,254,254,254,254,119,0,0,0,0,0,0,0,0,0,0,0,0,0,0,0,0,26,130,230,254,253,253,185,115,64,211,253,248,21,0,0,0,0,0,0,0,0,0,0,0,0,0,0,166,232,253,253,247,162,46,13,7,91,245,253,254,56,0,0,0,0,0,0,0,0,0,0,0,0,0,0,128,253,253,253,210,93,127,159,204,253,253,253,228,15,0,0,0,0,0,0,0,0,0,0,0,0,0,0,0,134,241,254,255,254,254,254,254,254,254,228,34,0,0,0,0,0,0,0,0,0,0,0,0,0,0,0,0,0,27,115,140,206,206,206,207,206,123,15,0,0,0,0,0,0,0,0,0,0,0,0,0,0,0,0,0,0,0,0,0,0,0,0,0,0,0,0,0,0,0,0,0,0,0,0,0,0,0,0,0,0,0,0,0,0,0,0,0,0,0,0,0,0,0,0,0,0,0,0,0,0,0,0,0,0,0,0,0,0,0,0,0,0,0,0,0,0,0,0,0,0,0,0,0,0,0,0,0,0,0,0,0,0,0,0,0,0,0,0,0,0,0,0,0,0,0,0,0,0,0,0,0,0,0,0,0,0,0,0,0,0,0,0,0,0,0,0,0,0,0,0,0,0,0,0,0,0,0,0,0,0,0,0,0,0,0,0,0,0,0,0,0,0,0,0,0,0,0,0,0,0,0,0,0,0,0,0,0,0,0,0,0,0,0,0,0,0,0,0
9,0,0,0,0,0,0,0,0,0,0,0,0,0,0,0,0,0,0,0,0,0,0,0,0,0,0,0,0,0,0,0,0,0,0,0,0,0,0,0,0,0,0,0,0,0,0,0,0,0,0,0,0,0,0,0,0,0,0,0,0,0,0,0,0,0,0,0,0,0,0,0,0,0,0,0,0,0,0,0,0,0,0,0,0,0,0,0,0,0,0,0,0,0,0,0,0,0,0,0,0,0,0,0,0,0,0,0,0,0,0,0,0,0,0,0,0,0,0,0,0,0,0,0,0,0,0,0,0,0,0,0,0,0,0,0,0,0,0,0,0,0,0,0,0,0,0,0,0,0,0,0,0,0,0,0,0,0,0,0,0,0,0,0,0,0,0,0,0,0,0,0,0,0,0,0,0,0,0,0,14,149,193,5,0,0,0,0,0,0,0,0,0,0,0,0,0,0,0,0,0,0,0,0,0,0,0,91,224,253,253,19,0,0,0,0,0,0,0,0,0,0,0,0,0,0,0,0,0,0,0,0,0,0,28,235,254,253,253,166,18,0,0,0,0,0,0,0,0,0,0,0,0,0,0,0,0,0,0,0,0,0,144,253,254,253,253,253,238,115,6,0,0,0,0,0,0,0,0,0,0,0,0,0,0,0,0,0,0,31,241,253,208,185,253,253,253,231,24,0,0,0,0,0,0,0,0,0,0,0,0,0,0,0,0,0,0,79,254,193,0,8,98,219,254,255,201,18,0,0,0,0,0,0,0,0,0,0,0,0,0,0,0,0,0,86,253,80,0,0,0,182,253,254,191,12,0,0,0,0,0,0,0,0,0,0,0,0,0,0,0,0,0,175,253,155,0,0,0,234,253,254,135,0,0,0,0,0,0,0,0,0,0,0,0,0,0,0,0,0,0,86,253,208,40,85,166,251,237,254,236,42,0,0,0,0,0,0,0,0,0,0,0,0,0,0,0,0,0,18,238,253,254,253,253,185,36,216,253,152,0,0,0,0,0,0,0,0,0,0,0,0,0,0,0,0,0,0,68,240,255,254,145,8,0,134,254,223,35,0,0,0,0,0,0,0,0,0,0,0,0,0,0,0,0,0,0,68,158,142,12,0,0,9,175,253,161,0,0,0,0,0,0,0,0,0,0,0,0,0,0,0,0,0,0,0,0,0,0,0,0,0,88,253,226,18,0,0,0,0,0,0,0,0,0,0,0,0,0,0,0,0,0,0,0,0,0,0,0,0,2,166,253,126,0,0,0,0,0,0,0,0,0,0,0,0,0,0,0,0,0,0,0,0,0,0,0,0,0,48,245,253,38,0,0,0,0,0,0,0,0,0,0,0,0,0,0,0,0,0,0,0,0,0,0,0,0,0,115,254,172,9,0,0,0,0,0,0,0,0,0,0,0,0,0,0,0,0,0,0,0,0,0,0,0,0,21,218,254,46,0,0,0,0,0,0,0,0,0,0,0,0,0,0,0,0,0,0,0,0,0,0,0,0,0,30,254,165,0,0,0,0,0,0,0,0,0,0,0,0,0,0,0,0,0,0,0,0,0,0,0,0,0,0,186,244,42,0,0,0,0,0,0,0,0,0,0,0,0,0,0,0,0,0,0,0,0,0,0,0,0,0,14,223,78,0,0,0,0,0,0,0,0,0,0,0,0,0,0,0,0,0,0,0,0,0,0,0,0,0,0,0,0,0,0,0,0,0,0,0,0,0,0,0,0,0,0,0,0,0,0,0,0,0,0,0,0,0,0,0,0,0,0,0,0
